{
  "project_info": {
    "project_number": "151244168057",
    "firebase_url": "https://macrequest-5ce43.firebaseio.com",
    "project_id": "macrequest-5ce43",
    "storage_bucket": "macrequest-5ce43.appspot.com"
  },
  "client": [
    {
      "client_info": {
        "mobilesdk_app_id": "1:151244168057:android:3fb15700ffd5aeb2e06da8",
        "android_client_info": {
          "package_name": "com.example.macapp"
        }
      },
      "oauth_client": [
        {
          "client_id": "151244168057-8k801rfqup8bht9qvkm17a0rjg785uoq.apps.googleusercontent.com",
          "client_type": 3
        }
      ],
      "api_key": [
        {
          "current_key": "AIzaSyAODeCcvyAMvN3En2lP62xw9xWMPUPR2wE"
        }
      ],
      "services": {
        "appinvite_service": {
          "other_platform_oauth_client": [
            {
              "client_id": "151244168057-8k801rfqup8bht9qvkm17a0rjg785uoq.apps.googleusercontent.com",
              "client_type": 3
            }
          ]
        }
      }
    }
  ],
  "configuration_version": "1"
}